{"cameraMode":{"drawMode":0,"name":"Shaded","section":"Shading Mode"},"sceneLighting":true,"audioPlay":false,"sceneViewState":{"showFog":true,"showMaterialUpdate":false,"showSkybox":true,"showFlares":true,"showImageEffects":true,"showParticleSystems":true},"in2DMode":false,"pivot":{"x":1.0306129455566407,"y":3.683239221572876,"z":0.34307193756103518},"rotation":{"x":0.04902416095137596,"y":-0.9375395774841309,"z":0.31110528111457827,"w":0.14773857593536378},"size":4.448375225067139,"orthographic":true}